{
	"info": {
		"_postman_id": "744cd808-e8bf-442f-b830-8aa8fa5124dc",
		"name": "Notifications",
		"schema": "https://schema.getpostman.com/json/collection/v2.0.0/collection.json",
		"_exporter_id": "29735964",
		"_collection_link": "https://galactic-eclipse-413955.postman.co/workspace/paydesk-apis~7b460826-5a5a-4e68-94e0-37f067724fbe/collection/29735964-744cd808-e8bf-442f-b830-8aa8fa5124dc?action=share&source=collection_link&creator=29735964"
	},
	"item": [
		{
			"name": "CreateNotifications",
			"request": {
				"method": "POST",
				"header": []
			},
			"response": []
		}
	]
}