{
	"info": {
		"_postman_id": "5a157b10-1873-4b33-b933-6c26bb79b8b7",
		"name": "Password Reset",
		"schema": "https://schema.getpostman.com/json/collection/v2.0.0/collection.json",
		"_exporter_id": "29735964",
		"_collection_link": "https://galactic-eclipse-413955.postman.co/workspace/paydesk-apis~7b460826-5a5a-4e68-94e0-37f067724fbe/collection/29735964-5a157b10-1873-4b33-b933-6c26bb79b8b7?action=share&source=collection_link&creator=29735964"
	},
	"item": [
		{
			"name": "http://127.0.0.1:8000/paydesk/password-reset-confirm/Mw/bukcd9-957777692bfad4b0e4fc305b10c832f9/",
			"request": {
				"method": "POST",
				"header": [],
				"body": {
					"mode": "raw",
					"raw": "{\n    \"new_password\": \"1234\"\n}",
					"options": {
						"raw": {
							"language": "json"
						}
					}
				},
				"url": "http://127.0.0.1:8000/accounts/password-reset-confirm/NA/bv8ov0-77c5c3b4fa4b735704fcc6f9997bad5d"
			},
			"response": []
		},
		{
			"name": "http://127.0.0.1:8000/paydesk/password-reset/",
			"request": {
				"method": "POST",
				"header": [
					{
						"key": "HTTP_ENCRYPTION",
						"value": "encrypt",
						"type": "text",
						"disabled": true
					}
				],
				"body": {
					"mode": "raw",
					"raw": "{\n    \"email\": \"sourabhchoudhary@valere.io\"\n}",
					"options": {
						"raw": {
							"language": "json"
						}
					}
				},
				"url": "http://127.0.0.1:8000/paydesk/password-reset"
			},
			"response": []
		}
	]
}