{
	"info": {
		"_postman_id": "cf6f4630-9c11-46fe-a4b3-224673ea22ef",
		"name": "Registration and authentication",
		"schema": "https://schema.getpostman.com/json/collection/v2.0.0/collection.json",
		"_exporter_id": "29735964",
		"_collection_link": "https://galactic-eclipse-413955.postman.co/workspace/paydesk-apis~7b460826-5a5a-4e68-94e0-37f067724fbe/collection/29735964-cf6f4630-9c11-46fe-a4b3-224673ea22ef?action=share&source=collection_link&creator=29735964"
	},
	"item": [
		{
			"name": "User Registration",
			"request": {
				"method": "POST",
				"header": [],
				"body": {
					"mode": "raw",
					"raw": "{\n    \"username\": \"sourabh_cdy\",\n    \"first_name\": \"sourabh\",\n    \"last_name\": \"choudhary\",\n    \"email\": \"sourabhchoudhary@valere.io\",\n    \"phone_number\": \"+919039994567\",\n    \"password\": \"Sourabh@321\",\n    \"confirm_password\": \"Sourabh@321\"\n}",
					"options": {
						"raw": {
							"language": "json"
						}
					}
				},
				"url": "http://127.0.0.1:8000/paydesk/register/"
			},
			"response": []
		},
		{
			"name": "Account activation",
			"request": {
				"method": "PUT",
				"header": [],
				"body": {
					"mode": "raw",
					"raw": "{\n    \"token\": \"25eb7231-6a97-4ee9-89cf-e0d86d5b155e\"\n}",
					"options": {
						"raw": {
							"language": "json"
						}
					}
				},
				"url": {
					"raw": "http://127.0.0.1:8000/accounts/activate/?token=25eb7231-6a97-4ee9-89cf-e0d86d5b155e",
					"protocol": "http",
					"host": [
						"127",
						"0",
						"0",
						"1"
					],
					"port": "8000",
					"path": [
						"accounts",
						"activate",
						""
					],
					"query": [
						{
							"key": "token",
							"value": "25eb7231-6a97-4ee9-89cf-e0d86d5b155e"
						}
					]
				}
			},
			"response": []
		},
		{
			"name": "login",
			"request": {
				"method": "POST",
				"header": [],
				"body": {
					"mode": "raw",
					"raw": "{\n    \"email\": \"shreyansh@valere.io\",\n    \"password\": \"Shreyansh@321\"\n}",
					"options": {
						"raw": {
							"language": "json"
						}
					}
				},
				"url": "http://127.0.0.1:8000/accounts/login"
			},
			"response": []
		},
		{
			"name": "logout",
			"request": {
				"auth": {
					"type": "noauth"
				},
				"method": "POST",
				"header": [
					{
						"key": "Authorization",
						"value": "Bearer eyJhbGciOiJIUzI1NiIsInR5cCI6IkpXVCJ9.eyJ0b2tlbl90eXBlIjoiYWNjZXNzIiwiZXhwIjoxNjk2ODM5NDUyLCJpYXQiOjE2OTY4MzU4NTIsImp0aSI6ImE0ODczMTFhNmMxYTQ0NTQ5NzVjNTQ5NGM5ZmNmODM1IiwidXNlcl9pZCI6MX0.BBSgaKj_4oWnt_jydnzZ6gQUG840wBbCnNmFHCsYh_k",
						"type": "text"
					}
				],
				"body": {
					"mode": "raw",
					"raw": "{\n    \"refresh_token\": \"eyJhbGciOiJIUzI1NiIsInR5cCI6IkpXVCJ9.eyJ0b2tlbl90eXBlIjoicmVmcmVzaCIsImV4cCI6MTY5NjkyMjI1MiwiaWF0IjoxNjk2ODM1ODUyLCJqdGkiOiI4MGMwY2IwMmJlNTI0YzdmODM1NTNiNzQwMzU1NmExMSIsInVzZXJfaWQiOjF9.rz7yq610mul7RRYAvzdGblUZwN0jBvCFpiAKpj_HLXs\"\n}",
					"options": {
						"raw": {
							"language": "json"
						}
					}
				},
				"url": "https://api-dev.paydesk.ai/accounts/logout"
			},
			"response": []
		}
	]
}