{
	"info": {
		"_postman_id": "d71c99b8-8b1e-40e3-9271-db3dd67297df",
		"name": "Roles and Permissions",
		"schema": "https://schema.getpostman.com/json/collection/v2.0.0/collection.json",
		"_exporter_id": "29735964",
		"_collection_link": "https://galactic-eclipse-413955.postman.co/workspace/paydesk-apis~7b460826-5a5a-4e68-94e0-37f067724fbe/collection/29735964-d71c99b8-8b1e-40e3-9271-db3dd67297df?action=share&source=collection_link&creator=29735964"
	},
	"item": [
		{
			"name": "create permissions",
			"request": {
				"method": "POST",
				"header": [],
				"body": {
					"mode": "formdata",
					"formdata": []
				},
				"url": "http://127.0.0.1:8000//users/createpermissions"
			},
			"response": []
		},
		{
			"name": "get permission",
			"request": {
				"method": "GET",
				"header": [],
				"url": "http://127.0.0.1:8000/users/get-permissions"
			},
			"response": []
		},
		{
			"name": "UpdateRolesPermissions",
			"request": {
				"method": "PUT",
				"header": [],
				"body": {
					"mode": "raw",
					"raw": "{\n    \"name\": \"customer\",\n    \"key\": \"customer\",\n    \"permissions\": [2]\n}",
					"options": {
						"raw": {
							"language": "json"
						}
					}
				},
				"url": "http://127.0.0.1:8000/users/update-roles-permissions/2"
			},
			"response": []
		},
		{
			"name": "get-roles",
			"request": {
				"method": "GET",
				"header": [],
				"url": "http://127.0.0.1:8000/users/get-roles"
			},
			"response": []
		},
		{
			"name": "get-role",
			"request": {
				"method": "GET",
				"header": [],
				"url": "http://127.0.0.1:8000/users/get-role/1"
			},
			"response": []
		},
		{
			"name": "get-permissions-by-role",
			"request": {
				"method": "GET",
				"header": [],
				"url": "http://127.0.0.1:8000/users/roles/2/permissions"
			},
			"response": []
		},
		{
			"name": "create roles with permission",
			"request": {
				"method": "POST",
				"header": [],
				"body": {
					"mode": "raw",
					"raw": "{\n    \"name\":\"customer\",\n    \"key\":\"customer\",\n    \"permissions\":[2]\n}",
					"options": {
						"raw": {
							"language": "json"
						}
					}
				},
				"url": "http://127.0.0.1:8000/users/create-roles-permissions"
			},
			"response": []
		},
		{
			"name": "update-roles-and-permissions",
			"request": {
				"method": "PUT",
				"header": [],
				"body": {
					"mode": "raw",
					"raw": "{\n    \"name\": \"customer\",\n    \"key\": \"customer\",\n    \"permissions\": [1,2,3]\n}",
					"options": {
						"raw": {
							"language": "json"
						}
					}
				},
				"url": "http://127.0.0.1:8000/users/update-roles-permissions/2"
			},
			"response": []
		}
	]
}