{
	"info": {
		"_postman_id": "6a8cfa29-656c-4f7a-b707-cf857f346e9d",
		"name": "users",
		"schema": "https://schema.getpostman.com/json/collection/v2.0.0/collection.json",
		"_exporter_id": "29735964",
		"_collection_link": "https://galactic-eclipse-413955.postman.co/workspace/paydesk-apis~7b460826-5a5a-4e68-94e0-37f067724fbe/collection/29735964-6a8cfa29-656c-4f7a-b707-cf857f346e9d?action=share&source=collection_link&creator=29735964"
	},
	"item": [
		{
			"name": "get-users",
			"request": {
				"method": "GET",
				"header": [],
				"url": "http://127.0.0.1:8000/users/get-all"
			},
			"response": []
		},
		{
			"name": "get-user",
			"request": {
				"method": "GET",
				"header": [],
				"url": "http://127.0.0.1:8000/users/get/1"
			},
			"response": []
		},
		{
			"name": "user-active-inactive(provide login bearer)",
			"request": {
				"auth": {
					"type": "bearer",
					"bearer": {
						"token": "eyJhbGciOiJIUzI1NiIsInR5cCI6IkpXVCJ9.eyJ0b2tlbl90eXBlIjoiYWNjZXNzIiwiZXhwIjoxNjk3MDEwNjcyLCJpYXQiOjE2OTcwMDcwNzIsImp0aSI6IjJiYTJiOWIyYjUwNjQxMDY4MGRjN2M3N2IzM2Q3YTU2IiwidXNlcl9pZCI6MX0.YV_gmirX9DgvgrcnRwxahikuoev4_YMfcoS2dh2sk7Q"
					}
				},
				"method": "PUT",
				"header": [],
				"body": {
					"mode": "raw",
					"raw": "{\n    \"is_active\": true\n}",
					"options": {
						"raw": {
							"language": "json"
						}
					}
				},
				"url": "http://127.0.0.1:8000/users/user-active-inactive/5"
			},
			"response": []
		},
		{
			"name": "password-update",
			"request": {
				"auth": {
					"type": "bearer",
					"bearer": {
						"token": "eyJhbGciOiJIUzI1NiIsInR5cCI6IkpXVCJ9.eyJ0b2tlbl90eXBlIjoiYWNjZXNzIiwiZXhwIjoxNjk2OTQzODc5LCJpYXQiOjE2OTY5NDAyNzksImp0aSI6IjkzMzg4ZTA2MDJjNDQwMDRiY2IxN2M1MzBjNDYzNTAxIiwidXNlcl9pZCI6NX0.HdHo347YeNOltmydz-Q8LEsMYZEO9ChgF2iBdXzHY40"
					}
				},
				"method": "PUT",
				"header": [],
				"body": {
					"mode": "raw",
					"raw": "{\n    \"old_password\": \"Teja@43210\",\n    \"new_password\": \"Teja@54321\"\n}",
					"options": {
						"raw": {
							"language": "json"
						}
					}
				},
				"url": "http://127.0.0.1:8000/users/password-update"
			},
			"response": []
		},
		{
			"name": "user-update",
			"request": {
				"auth": {
					"type": "bearer",
					"bearer": {
						"token": "eyJhbGciOiJIUzI1NiIsInR5cCI6IkpXVCJ9.eyJ0b2tlbl90eXBlIjoiYWNjZXNzIiwiZXhwIjoxNjk2OTQzODc5LCJpYXQiOjE2OTY5NDAyNzksImp0aSI6IjkzMzg4ZTA2MDJjNDQwMDRiY2IxN2M1MzBjNDYzNTAxIiwidXNlcl9pZCI6NX0.HdHo347YeNOltmydz-Q8LEsMYZEO9ChgF2iBdXzHY40"
					}
				},
				"method": "PUT",
				"header": [],
				"body": {
					"mode": "raw",
					"raw": "{\n    \"name\": \"Teja Kumar\"\n}",
					"options": {
						"raw": {
							"language": "json"
						}
					}
				},
				"url": "http://127.0.0.1:8000/users/5/update"
			},
			"response": []
		},
		{
			"name": "create-user",
			"request": {
				"auth": {
					"type": "bearer",
					"bearer": {
						"token": "eyJhbGciOiJIUzI1NiIsInR5cCI6IkpXVCJ9.eyJ0b2tlbl90eXBlIjoiYWNjZXNzIiwiZXhwIjoxNjk3MDIwNjAzLCJpYXQiOjE2OTcwMTcwMDMsImp0aSI6ImQxZTczMDNlMmZkZjQ4YTc5NWIxZDFkMGQzZGQ5MGVhIiwidXNlcl9pZCI6NX0.-1-QfVBY22owKnsSbw5H9ShiLP1deZ-fRuU4dDvWD2E"
					}
				},
				"method": "POST",
				"header": [],
				"body": {
					"mode": "raw",
					"raw": "{\n    \"name\": \"Shreyansh Jain\",\n    \"email\": \"shreyansh@valere.io\",\n    \"is_active\": true,\n    \"password\": \"Shreyansh@321\"\n}",
					"options": {
						"raw": {
							"language": "json"
						}
					}
				},
				"url": "http://127.0.0.1:8000/users/create-user"
			},
			"response": []
		}
	]
}